"Column Name","Label"
"GEO_ID","Geography"
"NAME","Geographic Area Name"
"B19037_001E","Estimate!!Total:"
"B19037_001EA","Annotation of Estimate!!Total:"
"B19037_001M","Margin of Error!!Total:"
"B19037_001MA","Annotation of Margin of Error!!Total:"
"B19037_002E","Estimate!!Total:!!Householder under 25 years:"
"B19037_002M","Margin of Error!!Total:!!Householder under 25 years:"
"B19037_002MA","Annotation of Margin of Error!!Total:!!Householder under 25 years:"
"B19037_002EA","Annotation of Estimate!!Total:!!Householder under 25 years:"
"B19037_003E","Estimate!!Total:!!Householder under 25 years:!!Less than $10,000"
"B19037_003M","Margin of Error!!Total:!!Householder under 25 years:!!Less than $10,000"
"B19037_003MA","Annotation of Margin of Error!!Total:!!Householder under 25 years:!!Less than $10,000"
"B19037_003EA","Annotation of Estimate!!Total:!!Householder under 25 years:!!Less than $10,000"
"B19037_004E","Estimate!!Total:!!Householder under 25 years:!!$10,000 to $14,999"
"B19037_004EA","Annotation of Estimate!!Total:!!Householder under 25 years:!!$10,000 to $14,999"
"B19037_004M","Margin of Error!!Total:!!Householder under 25 years:!!$10,000 to $14,999"
"B19037_004MA","Annotation of Margin of Error!!Total:!!Householder under 25 years:!!$10,000 to $14,999"
"B19037_005E","Estimate!!Total:!!Householder under 25 years:!!$15,000 to $19,999"
"B19037_005EA","Annotation of Estimate!!Total:!!Householder under 25 years:!!$15,000 to $19,999"
"B19037_005M","Margin of Error!!Total:!!Householder under 25 years:!!$15,000 to $19,999"
"B19037_005MA","Annotation of Margin of Error!!Total:!!Householder under 25 years:!!$15,000 to $19,999"
"B19037_006E","Estimate!!Total:!!Householder under 25 years:!!$20,000 to $24,999"
"B19037_006EA","Annotation of Estimate!!Total:!!Householder under 25 years:!!$20,000 to $24,999"
"B19037_006M","Margin of Error!!Total:!!Householder under 25 years:!!$20,000 to $24,999"
"B19037_006MA","Annotation of Margin of Error!!Total:!!Householder under 25 years:!!$20,000 to $24,999"
"B19037_007E","Estimate!!Total:!!Householder under 25 years:!!$25,000 to $29,999"
"B19037_007M","Margin of Error!!Total:!!Householder under 25 years:!!$25,000 to $29,999"
"B19037_007MA","Annotation of Margin of Error!!Total:!!Householder under 25 years:!!$25,000 to $29,999"
"B19037_007EA","Annotation of Estimate!!Total:!!Householder under 25 years:!!$25,000 to $29,999"
"B19037_008E","Estimate!!Total:!!Householder under 25 years:!!$30,000 to $34,999"
"B19037_008M","Margin of Error!!Total:!!Householder under 25 years:!!$30,000 to $34,999"
"B19037_008MA","Annotation of Margin of Error!!Total:!!Householder under 25 years:!!$30,000 to $34,999"
"B19037_008EA","Annotation of Estimate!!Total:!!Householder under 25 years:!!$30,000 to $34,999"
"B19037_009E","Estimate!!Total:!!Householder under 25 years:!!$35,000 to $39,999"
"B19037_009M","Margin of Error!!Total:!!Householder under 25 years:!!$35,000 to $39,999"
"B19037_009MA","Annotation of Margin of Error!!Total:!!Householder under 25 years:!!$35,000 to $39,999"
"B19037_009EA","Annotation of Estimate!!Total:!!Householder under 25 years:!!$35,000 to $39,999"
"B19037_010E","Estimate!!Total:!!Householder under 25 years:!!$40,000 to $44,999"
"B19037_010EA","Annotation of Estimate!!Total:!!Householder under 25 years:!!$40,000 to $44,999"
"B19037_010M","Margin of Error!!Total:!!Householder under 25 years:!!$40,000 to $44,999"
"B19037_010MA","Annotation of Margin of Error!!Total:!!Householder under 25 years:!!$40,000 to $44,999"
"B19037_011E","Estimate!!Total:!!Householder under 25 years:!!$45,000 to $49,999"
"B19037_011M","Margin of Error!!Total:!!Householder under 25 years:!!$45,000 to $49,999"
"B19037_011MA","Annotation of Margin of Error!!Total:!!Householder under 25 years:!!$45,000 to $49,999"
"B19037_011EA","Annotation of Estimate!!Total:!!Householder under 25 years:!!$45,000 to $49,999"
"B19037_012E","Estimate!!Total:!!Householder under 25 years:!!$50,000 to $59,999"
"B19037_012M","Margin of Error!!Total:!!Householder under 25 years:!!$50,000 to $59,999"
"B19037_012MA","Annotation of Margin of Error!!Total:!!Householder under 25 years:!!$50,000 to $59,999"
"B19037_012EA","Annotation of Estimate!!Total:!!Householder under 25 years:!!$50,000 to $59,999"
"B19037_013E","Estimate!!Total:!!Householder under 25 years:!!$60,000 to $74,999"
"B19037_013EA","Annotation of Estimate!!Total:!!Householder under 25 years:!!$60,000 to $74,999"
"B19037_013M","Margin of Error!!Total:!!Householder under 25 years:!!$60,000 to $74,999"
"B19037_013MA","Annotation of Margin of Error!!Total:!!Householder under 25 years:!!$60,000 to $74,999"
"B19037_014E","Estimate!!Total:!!Householder under 25 years:!!$75,000 to $99,999"
"B19037_014EA","Annotation of Estimate!!Total:!!Householder under 25 years:!!$75,000 to $99,999"
"B19037_014M","Margin of Error!!Total:!!Householder under 25 years:!!$75,000 to $99,999"
"B19037_014MA","Annotation of Margin of Error!!Total:!!Householder under 25 years:!!$75,000 to $99,999"
"B19037_015E","Estimate!!Total:!!Householder under 25 years:!!$100,000 to $124,999"
"B19037_015EA","Annotation of Estimate!!Total:!!Householder under 25 years:!!$100,000 to $124,999"
"B19037_015M","Margin of Error!!Total:!!Householder under 25 years:!!$100,000 to $124,999"
"B19037_015MA","Annotation of Margin of Error!!Total:!!Householder under 25 years:!!$100,000 to $124,999"
"B19037_016E","Estimate!!Total:!!Householder under 25 years:!!$125,000 to $149,999"
"B19037_016EA","Annotation of Estimate!!Total:!!Householder under 25 years:!!$125,000 to $149,999"
"B19037_016M","Margin of Error!!Total:!!Householder under 25 years:!!$125,000 to $149,999"
"B19037_016MA","Annotation of Margin of Error!!Total:!!Householder under 25 years:!!$125,000 to $149,999"
"B19037_017E","Estimate!!Total:!!Householder under 25 years:!!$150,000 to $199,999"
"B19037_017M","Margin of Error!!Total:!!Householder under 25 years:!!$150,000 to $199,999"
"B19037_017MA","Annotation of Margin of Error!!Total:!!Householder under 25 years:!!$150,000 to $199,999"
"B19037_017EA","Annotation of Estimate!!Total:!!Householder under 25 years:!!$150,000 to $199,999"
"B19037_018E","Estimate!!Total:!!Householder under 25 years:!!$200,000 or more"
"B19037_018EA","Annotation of Estimate!!Total:!!Householder under 25 years:!!$200,000 or more"
"B19037_018M","Margin of Error!!Total:!!Householder under 25 years:!!$200,000 or more"
"B19037_018MA","Annotation of Margin of Error!!Total:!!Householder under 25 years:!!$200,000 or more"
"B19037_019E","Estimate!!Total:!!Householder 25 to 44 years:"
"B19037_019M","Margin of Error!!Total:!!Householder 25 to 44 years:"
"B19037_019MA","Annotation of Margin of Error!!Total:!!Householder 25 to 44 years:"
"B19037_019EA","Annotation of Estimate!!Total:!!Householder 25 to 44 years:"
"B19037_020E","Estimate!!Total:!!Householder 25 to 44 years:!!Less than $10,000"
"B19037_020EA","Annotation of Estimate!!Total:!!Householder 25 to 44 years:!!Less than $10,000"
"B19037_020M","Margin of Error!!Total:!!Householder 25 to 44 years:!!Less than $10,000"
"B19037_020MA","Annotation of Margin of Error!!Total:!!Householder 25 to 44 years:!!Less than $10,000"
"B19037_021E","Estimate!!Total:!!Householder 25 to 44 years:!!$10,000 to $14,999"
"B19037_021M","Margin of Error!!Total:!!Householder 25 to 44 years:!!$10,000 to $14,999"
"B19037_021MA","Annotation of Margin of Error!!Total:!!Householder 25 to 44 years:!!$10,000 to $14,999"
"B19037_021EA","Annotation of Estimate!!Total:!!Householder 25 to 44 years:!!$10,000 to $14,999"
"B19037_022E","Estimate!!Total:!!Householder 25 to 44 years:!!$15,000 to $19,999"
"B19037_022EA","Annotation of Estimate!!Total:!!Householder 25 to 44 years:!!$15,000 to $19,999"
"B19037_022M","Margin of Error!!Total:!!Householder 25 to 44 years:!!$15,000 to $19,999"
"B19037_022MA","Annotation of Margin of Error!!Total:!!Householder 25 to 44 years:!!$15,000 to $19,999"
"B19037_023E","Estimate!!Total:!!Householder 25 to 44 years:!!$20,000 to $24,999"
"B19037_023EA","Annotation of Estimate!!Total:!!Householder 25 to 44 years:!!$20,000 to $24,999"
"B19037_023M","Margin of Error!!Total:!!Householder 25 to 44 years:!!$20,000 to $24,999"
"B19037_023MA","Annotation of Margin of Error!!Total:!!Householder 25 to 44 years:!!$20,000 to $24,999"
"B19037_024E","Estimate!!Total:!!Householder 25 to 44 years:!!$25,000 to $29,999"
"B19037_024EA","Annotation of Estimate!!Total:!!Householder 25 to 44 years:!!$25,000 to $29,999"
"B19037_024M","Margin of Error!!Total:!!Householder 25 to 44 years:!!$25,000 to $29,999"
"B19037_024MA","Annotation of Margin of Error!!Total:!!Householder 25 to 44 years:!!$25,000 to $29,999"
"B19037_025E","Estimate!!Total:!!Householder 25 to 44 years:!!$30,000 to $34,999"
"B19037_025M","Margin of Error!!Total:!!Householder 25 to 44 years:!!$30,000 to $34,999"
"B19037_025MA","Annotation of Margin of Error!!Total:!!Householder 25 to 44 years:!!$30,000 to $34,999"
"B19037_025EA","Annotation of Estimate!!Total:!!Householder 25 to 44 years:!!$30,000 to $34,999"
"B19037_026E","Estimate!!Total:!!Householder 25 to 44 years:!!$35,000 to $39,999"
"B19037_026EA","Annotation of Estimate!!Total:!!Householder 25 to 44 years:!!$35,000 to $39,999"
"B19037_026M","Margin of Error!!Total:!!Householder 25 to 44 years:!!$35,000 to $39,999"
"B19037_026MA","Annotation of Margin of Error!!Total:!!Householder 25 to 44 years:!!$35,000 to $39,999"
"B19037_027E","Estimate!!Total:!!Householder 25 to 44 years:!!$40,000 to $44,999"
"B19037_027EA","Annotation of Estimate!!Total:!!Householder 25 to 44 years:!!$40,000 to $44,999"
"B19037_027M","Margin of Error!!Total:!!Householder 25 to 44 years:!!$40,000 to $44,999"
"B19037_027MA","Annotation of Margin of Error!!Total:!!Householder 25 to 44 years:!!$40,000 to $44,999"
"B19037_028E","Estimate!!Total:!!Householder 25 to 44 years:!!$45,000 to $49,999"
"B19037_028M","Margin of Error!!Total:!!Householder 25 to 44 years:!!$45,000 to $49,999"
"B19037_028MA","Annotation of Margin of Error!!Total:!!Householder 25 to 44 years:!!$45,000 to $49,999"
"B19037_028EA","Annotation of Estimate!!Total:!!Householder 25 to 44 years:!!$45,000 to $49,999"
"B19037_029E","Estimate!!Total:!!Householder 25 to 44 years:!!$50,000 to $59,999"
"B19037_029M","Margin of Error!!Total:!!Householder 25 to 44 years:!!$50,000 to $59,999"
"B19037_029MA","Annotation of Margin of Error!!Total:!!Householder 25 to 44 years:!!$50,000 to $59,999"
"B19037_029EA","Annotation of Estimate!!Total:!!Householder 25 to 44 years:!!$50,000 to $59,999"
"B19037_030E","Estimate!!Total:!!Householder 25 to 44 years:!!$60,000 to $74,999"
"B19037_030EA","Annotation of Estimate!!Total:!!Householder 25 to 44 years:!!$60,000 to $74,999"
"B19037_030M","Margin of Error!!Total:!!Householder 25 to 44 years:!!$60,000 to $74,999"
"B19037_030MA","Annotation of Margin of Error!!Total:!!Householder 25 to 44 years:!!$60,000 to $74,999"
"B19037_031E","Estimate!!Total:!!Householder 25 to 44 years:!!$75,000 to $99,999"
"B19037_031EA","Annotation of Estimate!!Total:!!Householder 25 to 44 years:!!$75,000 to $99,999"
"B19037_031M","Margin of Error!!Total:!!Householder 25 to 44 years:!!$75,000 to $99,999"
"B19037_031MA","Annotation of Margin of Error!!Total:!!Householder 25 to 44 years:!!$75,000 to $99,999"
"B19037_032E","Estimate!!Total:!!Householder 25 to 44 years:!!$100,000 to $124,999"
"B19037_032M","Margin of Error!!Total:!!Householder 25 to 44 years:!!$100,000 to $124,999"
"B19037_032MA","Annotation of Margin of Error!!Total:!!Householder 25 to 44 years:!!$100,000 to $124,999"
"B19037_032EA","Annotation of Estimate!!Total:!!Householder 25 to 44 years:!!$100,000 to $124,999"
"B19037_033E","Estimate!!Total:!!Householder 25 to 44 years:!!$125,000 to $149,999"
"B19037_033M","Margin of Error!!Total:!!Householder 25 to 44 years:!!$125,000 to $149,999"
"B19037_033MA","Annotation of Margin of Error!!Total:!!Householder 25 to 44 years:!!$125,000 to $149,999"
"B19037_033EA","Annotation of Estimate!!Total:!!Householder 25 to 44 years:!!$125,000 to $149,999"
"B19037_034E","Estimate!!Total:!!Householder 25 to 44 years:!!$150,000 to $199,999"
"B19037_034EA","Annotation of Estimate!!Total:!!Householder 25 to 44 years:!!$150,000 to $199,999"
"B19037_034M","Margin of Error!!Total:!!Householder 25 to 44 years:!!$150,000 to $199,999"
"B19037_034MA","Annotation of Margin of Error!!Total:!!Householder 25 to 44 years:!!$150,000 to $199,999"
"B19037_035E","Estimate!!Total:!!Householder 25 to 44 years:!!$200,000 or more"
"B19037_035M","Margin of Error!!Total:!!Householder 25 to 44 years:!!$200,000 or more"
"B19037_035MA","Annotation of Margin of Error!!Total:!!Householder 25 to 44 years:!!$200,000 or more"
"B19037_035EA","Annotation of Estimate!!Total:!!Householder 25 to 44 years:!!$200,000 or more"
"B19037_036E","Estimate!!Total:!!Householder 45 to 64 years:"
"B19037_036M","Margin of Error!!Total:!!Householder 45 to 64 years:"
"B19037_036MA","Annotation of Margin of Error!!Total:!!Householder 45 to 64 years:"
"B19037_036EA","Annotation of Estimate!!Total:!!Householder 45 to 64 years:"
"B19037_037E","Estimate!!Total:!!Householder 45 to 64 years:!!Less than $10,000"
"B19037_037M","Margin of Error!!Total:!!Householder 45 to 64 years:!!Less than $10,000"
"B19037_037MA","Annotation of Margin of Error!!Total:!!Householder 45 to 64 years:!!Less than $10,000"
"B19037_037EA","Annotation of Estimate!!Total:!!Householder 45 to 64 years:!!Less than $10,000"
"B19037_038E","Estimate!!Total:!!Householder 45 to 64 years:!!$10,000 to $14,999"
"B19037_038EA","Annotation of Estimate!!Total:!!Householder 45 to 64 years:!!$10,000 to $14,999"
"B19037_038M","Margin of Error!!Total:!!Householder 45 to 64 years:!!$10,000 to $14,999"
"B19037_038MA","Annotation of Margin of Error!!Total:!!Householder 45 to 64 years:!!$10,000 to $14,999"
"B19037_039E","Estimate!!Total:!!Householder 45 to 64 years:!!$15,000 to $19,999"
"B19037_039EA","Annotation of Estimate!!Total:!!Householder 45 to 64 years:!!$15,000 to $19,999"
"B19037_039M","Margin of Error!!Total:!!Householder 45 to 64 years:!!$15,000 to $19,999"
"B19037_039MA","Annotation of Margin of Error!!Total:!!Householder 45 to 64 years:!!$15,000 to $19,999"
"B19037_040E","Estimate!!Total:!!Householder 45 to 64 years:!!$20,000 to $24,999"
"B19037_040M","Margin of Error!!Total:!!Householder 45 to 64 years:!!$20,000 to $24,999"
"B19037_040MA","Annotation of Margin of Error!!Total:!!Householder 45 to 64 years:!!$20,000 to $24,999"
"B19037_040EA","Annotation of Estimate!!Total:!!Householder 45 to 64 years:!!$20,000 to $24,999"
"B19037_041E","Estimate!!Total:!!Householder 45 to 64 years:!!$25,000 to $29,999"
"B19037_041M","Margin of Error!!Total:!!Householder 45 to 64 years:!!$25,000 to $29,999"
"B19037_041MA","Annotation of Margin of Error!!Total:!!Householder 45 to 64 years:!!$25,000 to $29,999"
"B19037_041EA","Annotation of Estimate!!Total:!!Householder 45 to 64 years:!!$25,000 to $29,999"
"B19037_042E","Estimate!!Total:!!Householder 45 to 64 years:!!$30,000 to $34,999"
"B19037_042EA","Annotation of Estimate!!Total:!!Householder 45 to 64 years:!!$30,000 to $34,999"
"B19037_042M","Margin of Error!!Total:!!Householder 45 to 64 years:!!$30,000 to $34,999"
"B19037_042MA","Annotation of Margin of Error!!Total:!!Householder 45 to 64 years:!!$30,000 to $34,999"
"B19037_043E","Estimate!!Total:!!Householder 45 to 64 years:!!$35,000 to $39,999"
"B19037_043EA","Annotation of Estimate!!Total:!!Householder 45 to 64 years:!!$35,000 to $39,999"
"B19037_043M","Margin of Error!!Total:!!Householder 45 to 64 years:!!$35,000 to $39,999"
"B19037_043MA","Annotation of Margin of Error!!Total:!!Householder 45 to 64 years:!!$35,000 to $39,999"
"B19037_044E","Estimate!!Total:!!Householder 45 to 64 years:!!$40,000 to $44,999"
"B19037_044M","Margin of Error!!Total:!!Householder 45 to 64 years:!!$40,000 to $44,999"
"B19037_044MA","Annotation of Margin of Error!!Total:!!Householder 45 to 64 years:!!$40,000 to $44,999"
"B19037_044EA","Annotation of Estimate!!Total:!!Householder 45 to 64 years:!!$40,000 to $44,999"
"B19037_045E","Estimate!!Total:!!Householder 45 to 64 years:!!$45,000 to $49,999"
"B19037_045M","Margin of Error!!Total:!!Householder 45 to 64 years:!!$45,000 to $49,999"
"B19037_045MA","Annotation of Margin of Error!!Total:!!Householder 45 to 64 years:!!$45,000 to $49,999"
"B19037_045EA","Annotation of Estimate!!Total:!!Householder 45 to 64 years:!!$45,000 to $49,999"
"B19037_046E","Estimate!!Total:!!Householder 45 to 64 years:!!$50,000 to $59,999"
"B19037_046EA","Annotation of Estimate!!Total:!!Householder 45 to 64 years:!!$50,000 to $59,999"
"B19037_046M","Margin of Error!!Total:!!Householder 45 to 64 years:!!$50,000 to $59,999"
"B19037_046MA","Annotation of Margin of Error!!Total:!!Householder 45 to 64 years:!!$50,000 to $59,999"
"B19037_047E","Estimate!!Total:!!Householder 45 to 64 years:!!$60,000 to $74,999"
"B19037_047EA","Annotation of Estimate!!Total:!!Householder 45 to 64 years:!!$60,000 to $74,999"
"B19037_047M","Margin of Error!!Total:!!Householder 45 to 64 years:!!$60,000 to $74,999"
"B19037_047MA","Annotation of Margin of Error!!Total:!!Householder 45 to 64 years:!!$60,000 to $74,999"
"B19037_048E","Estimate!!Total:!!Householder 45 to 64 years:!!$75,000 to $99,999"
"B19037_048M","Margin of Error!!Total:!!Householder 45 to 64 years:!!$75,000 to $99,999"
"B19037_048MA","Annotation of Margin of Error!!Total:!!Householder 45 to 64 years:!!$75,000 to $99,999"
"B19037_048EA","Annotation of Estimate!!Total:!!Householder 45 to 64 years:!!$75,000 to $99,999"
"B19037_049E","Estimate!!Total:!!Householder 45 to 64 years:!!$100,000 to $124,999"
"B19037_049M","Margin of Error!!Total:!!Householder 45 to 64 years:!!$100,000 to $124,999"
"B19037_049MA","Annotation of Margin of Error!!Total:!!Householder 45 to 64 years:!!$100,000 to $124,999"
"B19037_049EA","Annotation of Estimate!!Total:!!Householder 45 to 64 years:!!$100,000 to $124,999"
"B19037_050E","Estimate!!Total:!!Householder 45 to 64 years:!!$125,000 to $149,999"
"B19037_050EA","Annotation of Estimate!!Total:!!Householder 45 to 64 years:!!$125,000 to $149,999"
"B19037_050M","Margin of Error!!Total:!!Householder 45 to 64 years:!!$125,000 to $149,999"
"B19037_050MA","Annotation of Margin of Error!!Total:!!Householder 45 to 64 years:!!$125,000 to $149,999"
"B19037_051E","Estimate!!Total:!!Householder 45 to 64 years:!!$150,000 to $199,999"
"B19037_051EA","Annotation of Estimate!!Total:!!Householder 45 to 64 years:!!$150,000 to $199,999"
"B19037_051M","Margin of Error!!Total:!!Householder 45 to 64 years:!!$150,000 to $199,999"
"B19037_051MA","Annotation of Margin of Error!!Total:!!Householder 45 to 64 years:!!$150,000 to $199,999"
"B19037_052E","Estimate!!Total:!!Householder 45 to 64 years:!!$200,000 or more"
"B19037_052M","Margin of Error!!Total:!!Householder 45 to 64 years:!!$200,000 or more"
"B19037_052MA","Annotation of Margin of Error!!Total:!!Householder 45 to 64 years:!!$200,000 or more"
"B19037_052EA","Annotation of Estimate!!Total:!!Householder 45 to 64 years:!!$200,000 or more"
"B19037_053E","Estimate!!Total:!!Householder 65 years and over:"
"B19037_053EA","Annotation of Estimate!!Total:!!Householder 65 years and over:"
"B19037_053M","Margin of Error!!Total:!!Householder 65 years and over:"
"B19037_053MA","Annotation of Margin of Error!!Total:!!Householder 65 years and over:"
"B19037_054E","Estimate!!Total:!!Householder 65 years and over:!!Less than $10,000"
"B19037_054M","Margin of Error!!Total:!!Householder 65 years and over:!!Less than $10,000"
"B19037_054MA","Annotation of Margin of Error!!Total:!!Householder 65 years and over:!!Less than $10,000"
"B19037_054EA","Annotation of Estimate!!Total:!!Householder 65 years and over:!!Less than $10,000"
"B19037_055E","Estimate!!Total:!!Householder 65 years and over:!!$10,000 to $14,999"
"B19037_055M","Margin of Error!!Total:!!Householder 65 years and over:!!$10,000 to $14,999"
"B19037_055MA","Annotation of Margin of Error!!Total:!!Householder 65 years and over:!!$10,000 to $14,999"
"B19037_055EA","Annotation of Estimate!!Total:!!Householder 65 years and over:!!$10,000 to $14,999"
"B19037_056E","Estimate!!Total:!!Householder 65 years and over:!!$15,000 to $19,999"
"B19037_056EA","Annotation of Estimate!!Total:!!Householder 65 years and over:!!$15,000 to $19,999"
"B19037_056M","Margin of Error!!Total:!!Householder 65 years and over:!!$15,000 to $19,999"
"B19037_056MA","Annotation of Margin of Error!!Total:!!Householder 65 years and over:!!$15,000 to $19,999"
"B19037_057E","Estimate!!Total:!!Householder 65 years and over:!!$20,000 to $24,999"
"B19037_057M","Margin of Error!!Total:!!Householder 65 years and over:!!$20,000 to $24,999"
"B19037_057MA","Annotation of Margin of Error!!Total:!!Householder 65 years and over:!!$20,000 to $24,999"
"B19037_057EA","Annotation of Estimate!!Total:!!Householder 65 years and over:!!$20,000 to $24,999"
"B19037_058E","Estimate!!Total:!!Householder 65 years and over:!!$25,000 to $29,999"
"B19037_058EA","Annotation of Estimate!!Total:!!Householder 65 years and over:!!$25,000 to $29,999"
"B19037_058M","Margin of Error!!Total:!!Householder 65 years and over:!!$25,000 to $29,999"
"B19037_058MA","Annotation of Margin of Error!!Total:!!Householder 65 years and over:!!$25,000 to $29,999"
"B19037_059E","Estimate!!Total:!!Householder 65 years and over:!!$30,000 to $34,999"
"B19037_059M","Margin of Error!!Total:!!Householder 65 years and over:!!$30,000 to $34,999"
"B19037_059MA","Annotation of Margin of Error!!Total:!!Householder 65 years and over:!!$30,000 to $34,999"
"B19037_059EA","Annotation of Estimate!!Total:!!Householder 65 years and over:!!$30,000 to $34,999"
"B19037_060E","Estimate!!Total:!!Householder 65 years and over:!!$35,000 to $39,999"
"B19037_060M","Margin of Error!!Total:!!Householder 65 years and over:!!$35,000 to $39,999"
"B19037_060MA","Annotation of Margin of Error!!Total:!!Householder 65 years and over:!!$35,000 to $39,999"
"B19037_060EA","Annotation of Estimate!!Total:!!Householder 65 years and over:!!$35,000 to $39,999"
"B19037_061E","Estimate!!Total:!!Householder 65 years and over:!!$40,000 to $44,999"
"B19037_061EA","Annotation of Estimate!!Total:!!Householder 65 years and over:!!$40,000 to $44,999"
"B19037_061M","Margin of Error!!Total:!!Householder 65 years and over:!!$40,000 to $44,999"
"B19037_061MA","Annotation of Margin of Error!!Total:!!Householder 65 years and over:!!$40,000 to $44,999"
"B19037_062E","Estimate!!Total:!!Householder 65 years and over:!!$45,000 to $49,999"
"B19037_062EA","Annotation of Estimate!!Total:!!Householder 65 years and over:!!$45,000 to $49,999"
"B19037_062M","Margin of Error!!Total:!!Householder 65 years and over:!!$45,000 to $49,999"
"B19037_062MA","Annotation of Margin of Error!!Total:!!Householder 65 years and over:!!$45,000 to $49,999"
"B19037_063E","Estimate!!Total:!!Householder 65 years and over:!!$50,000 to $59,999"
"B19037_063EA","Annotation of Estimate!!Total:!!Householder 65 years and over:!!$50,000 to $59,999"
"B19037_063M","Margin of Error!!Total:!!Householder 65 years and over:!!$50,000 to $59,999"
"B19037_063MA","Annotation of Margin of Error!!Total:!!Householder 65 years and over:!!$50,000 to $59,999"
"B19037_064E","Estimate!!Total:!!Householder 65 years and over:!!$60,000 to $74,999"
"B19037_064M","Margin of Error!!Total:!!Householder 65 years and over:!!$60,000 to $74,999"
"B19037_064MA","Annotation of Margin of Error!!Total:!!Householder 65 years and over:!!$60,000 to $74,999"
"B19037_064EA","Annotation of Estimate!!Total:!!Householder 65 years and over:!!$60,000 to $74,999"
"B19037_065E","Estimate!!Total:!!Householder 65 years and over:!!$75,000 to $99,999"
"B19037_065M","Margin of Error!!Total:!!Householder 65 years and over:!!$75,000 to $99,999"
"B19037_065MA","Annotation of Margin of Error!!Total:!!Householder 65 years and over:!!$75,000 to $99,999"
"B19037_065EA","Annotation of Estimate!!Total:!!Householder 65 years and over:!!$75,000 to $99,999"
"B19037_066E","Estimate!!Total:!!Householder 65 years and over:!!$100,000 to $124,999"
"B19037_066M","Margin of Error!!Total:!!Householder 65 years and over:!!$100,000 to $124,999"
"B19037_066MA","Annotation of Margin of Error!!Total:!!Householder 65 years and over:!!$100,000 to $124,999"
"B19037_066EA","Annotation of Estimate!!Total:!!Householder 65 years and over:!!$100,000 to $124,999"
"B19037_067E","Estimate!!Total:!!Householder 65 years and over:!!$125,000 to $149,999"
"B19037_067EA","Annotation of Estimate!!Total:!!Householder 65 years and over:!!$125,000 to $149,999"
"B19037_067M","Margin of Error!!Total:!!Householder 65 years and over:!!$125,000 to $149,999"
"B19037_067MA","Annotation of Margin of Error!!Total:!!Householder 65 years and over:!!$125,000 to $149,999"
"B19037_068E","Estimate!!Total:!!Householder 65 years and over:!!$150,000 to $199,999"
"B19037_068M","Margin of Error!!Total:!!Householder 65 years and over:!!$150,000 to $199,999"
"B19037_068MA","Annotation of Margin of Error!!Total:!!Householder 65 years and over:!!$150,000 to $199,999"
"B19037_068EA","Annotation of Estimate!!Total:!!Householder 65 years and over:!!$150,000 to $199,999"
"B19037_069E","Estimate!!Total:!!Householder 65 years and over:!!$200,000 or more"
"B19037_069M","Margin of Error!!Total:!!Householder 65 years and over:!!$200,000 or more"
"B19037_069MA","Annotation of Margin of Error!!Total:!!Householder 65 years and over:!!$200,000 or more"
"B19037_069EA","Annotation of Estimate!!Total:!!Householder 65 years and over:!!$200,000 or more"
