<?xml version="1.0" encoding="UTF-8"?>
<metadata xml:lang="en"><Esri><CreaDate>20210820</CreaDate><CreaTime>13121700</CreaTime><ArcGISFormat>1.0</ArcGISFormat><SyncOnce>FALSE</SyncOnce><DataProperties><itemProps><itemName Sync="TRUE">RegVoter_210811</itemName><imsContentType Sync="TRUE">002</imsContentType><itemLocation><linkage Sync="TRUE">file://\\CASONMWIN10\C$\temp\RegVoter_210811.shp</linkage><protocol Sync="TRUE">Local Area Network</protocol></itemLocation><itemSize Sync="TRUE">23.596</itemSize><nativeExtBox><westBL Sync="TRUE">-94.043352</westBL><eastBL Sync="TRUE">-88.758388</eastBL><southBL Sync="TRUE">28.855127</southBL><northBL Sync="TRUE">33.019620</northBL><exTypeCode Sync="TRUE">1</exTypeCode></nativeExtBox></itemProps><coordRef><type Sync="TRUE">Geographic</type><geogcsn Sync="TRUE">GCS_North_American_1983</geogcsn><csUnits Sync="TRUE">Angular Unit: Degree (0.017453)</csUnits><peXml Sync="TRUE">&lt;GeographicCoordinateSystem xsi:type='typens:GeographicCoordinateSystem' xmlns:xsi='http://www.w3.org/2001/XMLSchema-instance' xmlns:xs='http://www.w3.org/2001/XMLSchema' xmlns:typens='http://www.esri.com/schemas/ArcGIS/10.7'&gt;&lt;WKT&gt;GEOGCS[&amp;quot;GCS_North_American_1983&amp;quot;,DATUM[&amp;quot;D_North_American_1983&amp;quot;,SPHEROID[&amp;quot;GRS_1980&amp;quot;,6378137.0,298.257222101]],PRIMEM[&amp;quot;Greenwich&amp;quot;,0.0],UNIT[&amp;quot;Degree&amp;quot;,0.0174532925199433],AUTHORITY[&amp;quot;EPSG&amp;quot;,4269]]&lt;/WKT&gt;&lt;XOrigin&gt;-400&lt;/XOrigin&gt;&lt;YOrigin&gt;-400&lt;/YOrigin&gt;&lt;XYScale&gt;11258999068426.238&lt;/XYScale&gt;&lt;ZOrigin&gt;-100000&lt;/ZOrigin&gt;&lt;ZScale&gt;10000&lt;/ZScale&gt;&lt;MOrigin&gt;-100000&lt;/MOrigin&gt;&lt;MScale&gt;10000&lt;/MScale&gt;&lt;XYTolerance&gt;8.9831528411952133e-09&lt;/XYTolerance&gt;&lt;ZTolerance&gt;0.001&lt;/ZTolerance&gt;&lt;MTolerance&gt;0.001&lt;/MTolerance&gt;&lt;HighPrecision&gt;true&lt;/HighPrecision&gt;&lt;LeftLongitude&gt;-180&lt;/LeftLongitude&gt;&lt;WKID&gt;4269&lt;/WKID&gt;&lt;LatestWKID&gt;4269&lt;/LatestWKID&gt;&lt;/GeographicCoordinateSystem&gt;</peXml></coordRef><lineage><Process ToolSource="c:\program files (x86)\arcgis\desktop10.7\ArcToolbox\Toolboxes\Conversion Tools.tbx\FeatureClassToFeatureClass" Date="20210203" Time="075807">FeatureClassToFeatureClass "C:\temp\GEO_2020\Round 2\tl_2020_22_vtd20.shp" "Database Connections\LA_2020_12_PLAN2020.sde" VTDS_SHAPE # "STATEFP20 "STATEFP20" true true false 2 Text 0 0 ,First,#,C:\temp\GEO_2020\Round 2\tl_2020_22_vtd20.shp,STATEFP20,-1,-1;COUNTYFP20 "COUNTYFP20" true true false 3 Text 0 0 ,First,#,C:\temp\GEO_2020\Round 2\tl_2020_22_vtd20.shp,COUNTYFP20,-1,-1;VTDST20 "VTDST20" true true false 6 Text 0 0 ,First,#,C:\temp\GEO_2020\Round 2\tl_2020_22_vtd20.shp,VTDST20,-1,-1;GEOID20 "GEOID20" true true false 11 Text 0 0 ,First,#,C:\temp\GEO_2020\Round 2\tl_2020_22_vtd20.shp,GEOID20,-1,-1;VTDI20 "VTDI20" true true false 1 Text 0 0 ,First,#,C:\temp\GEO_2020\Round 2\tl_2020_22_vtd20.shp,VTDI20,-1,-1;NAME20 "NAME20" true true false 100 Text 0 0 ,First,#,C:\temp\GEO_2020\Round 2\tl_2020_22_vtd20.shp,NAME20,-1,-1;NAMELSAD20 "NAMELSAD20" true true false 100 Text 0 0 ,First,#,C:\temp\GEO_2020\Round 2\tl_2020_22_vtd20.shp,NAMELSAD20,-1,-1;LSAD20 "LSAD20" true true false 2 Text 0 0 ,First,#,C:\temp\GEO_2020\Round 2\tl_2020_22_vtd20.shp,LSAD20,-1,-1;MTFCC20 "MTFCC20" true true false 5 Text 0 0 ,First,#,C:\temp\GEO_2020\Round 2\tl_2020_22_vtd20.shp,MTFCC20,-1,-1;FUNCSTAT20 "FUNCSTAT20" true true false 1 Text 0 0 ,First,#,C:\temp\GEO_2020\Round 2\tl_2020_22_vtd20.shp,FUNCSTAT20,-1,-1;ALAND20 "ALAND20" true true false 14 Double 0 14 ,First,#,C:\temp\GEO_2020\Round 2\tl_2020_22_vtd20.shp,ALAND20,-1,-1;AWATER20 "AWATER20" true true false 14 Double 0 14 ,First,#,C:\temp\GEO_2020\Round 2\tl_2020_22_vtd20.shp,AWATER20,-1,-1;INTPTLAT20 "INTPTLAT20" true true false 11 Text 0 0 ,First,#,C:\temp\GEO_2020\Round 2\tl_2020_22_vtd20.shp,INTPTLAT20,-1,-1;INTPTLON20 "INTPTLON20" true true false 12 Text 0 0 ,First,#,C:\temp\GEO_2020\Round 2\tl_2020_22_vtd20.shp,INTPTLON20,-1,-1" #</Process><Process ToolSource="c:\program files (x86)\arcgis\desktop10.7\ArcToolbox\Toolboxes\Data Management Tools.tbx\AddField" Date="20210211" Time="125954">AddField "Database Connections\LA_2020_12_PLAN2020.sde\LA_2020_12.VTDS_SHAPE" TOT_POP LONG 10 # # # NULLABLE NON_REQUIRED #</Process><Process ToolSource="c:\program files (x86)\arcgis\desktop10.7\ArcToolbox\Toolboxes\Data Management Tools.tbx\AddField" Date="20210211" Time="130006">AddField "Database Connections\LA_2020_12_PLAN2020.sde\LA_2020_12.VTDS_SHAPE" TOT_WHITE LONG 10 # # # NULLABLE NON_REQUIRED #</Process><Process ToolSource="c:\program files (x86)\arcgis\desktop10.7\ArcToolbox\Toolboxes\Data Management Tools.tbx\AddField" Date="20210211" Time="130018">AddField "Database Connections\LA_2020_12_PLAN2020.sde\LA_2020_12.VTDS_SHAPE" TOT_BLACK LONG 10 # # # NULLABLE NON_REQUIRED #</Process><Process ToolSource="c:\program files (x86)\arcgis\desktop10.7\ArcToolbox\Toolboxes\Data Management Tools.tbx\AddField" Date="20210211" Time="130030">AddField "Database Connections\LA_2020_12_PLAN2020.sde\LA_2020_12.VTDS_SHAPE" TOT_ASIAN LONG 10 # # # NULLABLE NON_REQUIRED #</Process><Process ToolSource="c:\program files (x86)\arcgis\desktop10.7\ArcToolbox\Toolboxes\Data Management Tools.tbx\AddField" Date="20210211" Time="130041">AddField "Database Connections\LA_2020_12_PLAN2020.sde\LA_2020_12.VTDS_SHAPE" TOT_AMIND LONG 10 # # # NULLABLE NON_REQUIRED #</Process><Process ToolSource="c:\program files (x86)\arcgis\desktop10.7\ArcToolbox\Toolboxes\Data Management Tools.tbx\AddField" Date="20210211" Time="130053">AddField "Database Connections\LA_2020_12_PLAN2020.sde\LA_2020_12.VTDS_SHAPE" TOT_OTHER LONG 10 # # # NULLABLE NON_REQUIRED #</Process><Process ToolSource="c:\program files (x86)\arcgis\desktop10.7\ArcToolbox\Toolboxes\Data Management Tools.tbx\AddField" Date="20210211" Time="130104">AddField "Database Connections\LA_2020_12_PLAN2020.sde\LA_2020_12.VTDS_SHAPE" TOT_HISPANIC LONG 10 # # # NULLABLE NON_REQUIRED #</Process><Process ToolSource="c:\program files (x86)\arcgis\desktop10.7\ArcToolbox\Toolboxes\Data Management Tools.tbx\AddField" Date="20210211" Time="130116">AddField "Database Connections\LA_2020_12_PLAN2020.sde\LA_2020_12.VTDS_SHAPE" VAP_TOTAL LONG 10 # # # NULLABLE NON_REQUIRED #</Process><Process ToolSource="c:\program files (x86)\arcgis\desktop10.7\ArcToolbox\Toolboxes\Data Management Tools.tbx\AddField" Date="20210211" Time="130128">AddField "Database Connections\LA_2020_12_PLAN2020.sde\LA_2020_12.VTDS_SHAPE" VAP_WHITE LONG 10 # # # NULLABLE NON_REQUIRED #</Process><Process ToolSource="c:\program files (x86)\arcgis\desktop10.7\ArcToolbox\Toolboxes\Data Management Tools.tbx\AddField" Date="20210211" Time="130140">AddField "Database Connections\LA_2020_12_PLAN2020.sde\LA_2020_12.VTDS_SHAPE" VAP_BLACK LONG 10 # # # NULLABLE NON_REQUIRED #</Process><Process ToolSource="c:\program files (x86)\arcgis\desktop10.7\ArcToolbox\Toolboxes\Data Management Tools.tbx\AddField" Date="20210211" Time="130151">AddField "Database Connections\LA_2020_12_PLAN2020.sde\LA_2020_12.VTDS_SHAPE" VAP_ASIAN LONG 10 # # # NULLABLE NON_REQUIRED #</Process><Process ToolSource="c:\program files (x86)\arcgis\desktop10.7\ArcToolbox\Toolboxes\Data Management Tools.tbx\AddField" Date="20210211" Time="130203">AddField "Database Connections\LA_2020_12_PLAN2020.sde\LA_2020_12.VTDS_SHAPE" VAP_AMIND LONG 10 # # # NULLABLE NON_REQUIRED #</Process><Process ToolSource="c:\program files (x86)\arcgis\desktop10.7\ArcToolbox\Toolboxes\Data Management Tools.tbx\AddField" Date="20210211" Time="130214">AddField "Database Connections\LA_2020_12_PLAN2020.sde\LA_2020_12.VTDS_SHAPE" VAP_OTHER LONG 10 # # # NULLABLE NON_REQUIRED #</Process><Process ToolSource="c:\program files (x86)\arcgis\desktop10.7\ArcToolbox\Toolboxes\Data Management Tools.tbx\AddField" Date="20210211" Time="130227">AddField "Database Connections\LA_2020_12_PLAN2020.sde\LA_2020_12.VTDS_SHAPE" VAP_HISPANIC LONG 10 # # # NULLABLE NON_REQUIRED #</Process><Process ToolSource="c:\program files (x86)\arcgis\desktop10.7\ArcToolbox\Toolboxes\Data Management Tools.tbx\AddField" Date="20210819" Time="190939">AddField "Database Connections\LA_2020_12_PLAN2020.sde\LA_2020_12.VTDS_SHAPE" REG_TOTAL_21_07 LONG 10 # # # NULLABLE NON_REQUIRED #</Process><Process ToolSource="c:\program files (x86)\arcgis\desktop10.7\ArcToolbox\Toolboxes\Data Management Tools.tbx\AddField" Date="20210819" Time="190953">AddField "Database Connections\LA_2020_12_PLAN2020.sde\LA_2020_12.VTDS_SHAPE" REG_WHITE_21_07 LONG 10 # # # NULLABLE NON_REQUIRED #</Process><Process ToolSource="c:\program files (x86)\arcgis\desktop10.7\ArcToolbox\Toolboxes\Data Management Tools.tbx\AddField" Date="20210819" Time="191006">AddField "Database Connections\LA_2020_12_PLAN2020.sde\LA_2020_12.VTDS_SHAPE" REG_BLACK_21_07 LONG 10 # # # NULLABLE NON_REQUIRED #</Process><Process ToolSource="c:\program files (x86)\arcgis\desktop10.7\ArcToolbox\Toolboxes\Data Management Tools.tbx\AddField" Date="20210819" Time="191019">AddField "Database Connections\LA_2020_12_PLAN2020.sde\LA_2020_12.VTDS_SHAPE" REG_OTHER_21_07 LONG 10 # # # NULLABLE NON_REQUIRED #</Process><Process ToolSource="c:\program files (x86)\arcgis\desktop10.7\ArcToolbox\Toolboxes\Data Management Tools.tbx\AddField" Date="20210819" Time="191033">AddField "Database Connections\LA_2020_12_PLAN2020.sde\LA_2020_12.VTDS_SHAPE" REG_DEM_TOTAL_21_07 LONG 10 # # # NULLABLE NON_REQUIRED #</Process><Process ToolSource="c:\program files (x86)\arcgis\desktop10.7\ArcToolbox\Toolboxes\Data Management Tools.tbx\AddField" Date="20210819" Time="191046">AddField "Database Connections\LA_2020_12_PLAN2020.sde\LA_2020_12.VTDS_SHAPE" REG_DEM_WHITE_21_07 LONG 10 # # # NULLABLE NON_REQUIRED #</Process><Process ToolSource="c:\program files (x86)\arcgis\desktop10.7\ArcToolbox\Toolboxes\Data Management Tools.tbx\AddField" Date="20210819" Time="191059">AddField "Database Connections\LA_2020_12_PLAN2020.sde\LA_2020_12.VTDS_SHAPE" REG_DEM_BLACK_21_07 LONG 10 # # # NULLABLE NON_REQUIRED #</Process><Process ToolSource="c:\program files (x86)\arcgis\desktop10.7\ArcToolbox\Toolboxes\Data Management Tools.tbx\AddField" Date="20210819" Time="191113">AddField "Database Connections\LA_2020_12_PLAN2020.sde\LA_2020_12.VTDS_SHAPE" REG_DEM_OTHER_21_07 LONG 10 # # # NULLABLE NON_REQUIRED #</Process><Process ToolSource="c:\program files (x86)\arcgis\desktop10.7\ArcToolbox\Toolboxes\Data Management Tools.tbx\AddField" Date="20210819" Time="191126">AddField "Database Connections\LA_2020_12_PLAN2020.sde\LA_2020_12.VTDS_SHAPE" REG_REP_TOTAL_21_07 LONG 10 # # # NULLABLE NON_REQUIRED #</Process><Process ToolSource="c:\program files (x86)\arcgis\desktop10.7\ArcToolbox\Toolboxes\Data Management Tools.tbx\AddField" Date="20210819" Time="191140">AddField "Database Connections\LA_2020_12_PLAN2020.sde\LA_2020_12.VTDS_SHAPE" REG_REP_WHITE_21_07 LONG 10 # # # NULLABLE NON_REQUIRED #</Process><Process ToolSource="c:\program files (x86)\arcgis\desktop10.7\ArcToolbox\Toolboxes\Data Management Tools.tbx\AddField" Date="20210819" Time="191154">AddField "Database Connections\LA_2020_12_PLAN2020.sde\LA_2020_12.VTDS_SHAPE" REG_REP_BLACK_21_07 LONG 10 # # # NULLABLE NON_REQUIRED #</Process><Process ToolSource="c:\program files (x86)\arcgis\desktop10.7\ArcToolbox\Toolboxes\Data Management Tools.tbx\AddField" Date="20210819" Time="191207">AddField "Database Connections\LA_2020_12_PLAN2020.sde\LA_2020_12.VTDS_SHAPE" REG_REP_OTHER_21_07 LONG 10 # # # NULLABLE NON_REQUIRED #</Process><Process ToolSource="c:\program files (x86)\arcgis\desktop10.7\ArcToolbox\Toolboxes\Data Management Tools.tbx\AddField" Date="20210819" Time="191221">AddField "Database Connections\LA_2020_12_PLAN2020.sde\LA_2020_12.VTDS_SHAPE" REG_OTH_TOTAL_21_07 LONG 10 # # # NULLABLE NON_REQUIRED #</Process><Process ToolSource="c:\program files (x86)\arcgis\desktop10.7\ArcToolbox\Toolboxes\Data Management Tools.tbx\AddField" Date="20210819" Time="191234">AddField "Database Connections\LA_2020_12_PLAN2020.sde\LA_2020_12.VTDS_SHAPE" REG_OTH_WHITE_21_07 LONG 10 # # # NULLABLE NON_REQUIRED #</Process><Process ToolSource="c:\program files (x86)\arcgis\desktop10.7\ArcToolbox\Toolboxes\Data Management Tools.tbx\AddField" Date="20210819" Time="191248">AddField "Database Connections\LA_2020_12_PLAN2020.sde\LA_2020_12.VTDS_SHAPE" REG_OTH_BLACK_21_07 LONG 10 # # # NULLABLE NON_REQUIRED #</Process><Process ToolSource="c:\program files (x86)\arcgis\desktop10.7\ArcToolbox\Toolboxes\Data Management Tools.tbx\AddField" Date="20210819" Time="191301">AddField "Database Connections\LA_2020_12_PLAN2020.sde\LA_2020_12.VTDS_SHAPE" REG_OTH_OTHER_21_07 LONG 10 # # # NULLABLE NON_REQUIRED #</Process><Process ToolSource="c:\program files (x86)\arcgis\desktop10.7\ArcToolbox\Toolboxes\Conversion Tools.tbx\FeatureClassToFeatureClass" Date="20210820" Time="025830">FeatureClassToFeatureClass "Database Connections\LA_2020_12_PLAN2020.sde\LA_2020_12.VTDS_SHAPE" C:\temp RegVoter_210811.shp # "STATEFP20 "STATEFP20" true true false 2 Text 0 0 ,First,#,Database Connections\LA_2020_12_PLAN2020.sde\LA_2020_12.VTDS_SHAPE,STATEFP20,-1,-1;COUNTYFP20 "COUNTYFP20" true true false 3 Text 0 0 ,First,#,Database Connections\LA_2020_12_PLAN2020.sde\LA_2020_12.VTDS_SHAPE,COUNTYFP20,-1,-1;VTDST20 "VTDST20" true true false 6 Text 0 0 ,First,#,Database Connections\LA_2020_12_PLAN2020.sde\LA_2020_12.VTDS_SHAPE,VTDST20,-1,-1;GEOID20 "GEOID20" true true false 11 Text 0 0 ,First,#,Database Connections\LA_2020_12_PLAN2020.sde\LA_2020_12.VTDS_SHAPE,GEOID20,-1,-1;VTDI20 "VTDI20" true true false 1 Text 0 0 ,First,#,Database Connections\LA_2020_12_PLAN2020.sde\LA_2020_12.VTDS_SHAPE,VTDI20,-1,-1;NAME20 "NAME20" true true false 100 Text 0 0 ,First,#,Database Connections\LA_2020_12_PLAN2020.sde\LA_2020_12.VTDS_SHAPE,NAME20,-1,-1;NAMELSAD20 "NAMELSAD20" true true false 100 Text 0 0 ,First,#,Database Connections\LA_2020_12_PLAN2020.sde\LA_2020_12.VTDS_SHAPE,NAMELSAD20,-1,-1;LSAD20 "LSAD20" true true false 2 Text 0 0 ,First,#,Database Connections\LA_2020_12_PLAN2020.sde\LA_2020_12.VTDS_SHAPE,LSAD20,-1,-1;MTFCC20 "MTFCC20" true true false 5 Text 0 0 ,First,#,Database Connections\LA_2020_12_PLAN2020.sde\LA_2020_12.VTDS_SHAPE,MTFCC20,-1,-1;FUNCSTAT20 "FUNCSTAT20" true true false 1 Text 0 0 ,First,#,Database Connections\LA_2020_12_PLAN2020.sde\LA_2020_12.VTDS_SHAPE,FUNCSTAT20,-1,-1;ALAND20 "ALAND20" true true false 8 Double 0 14 ,First,#,Database Connections\LA_2020_12_PLAN2020.sde\LA_2020_12.VTDS_SHAPE,ALAND20,-1,-1;AWATER20 "AWATER20" true true false 8 Double 0 14 ,First,#,Database Connections\LA_2020_12_PLAN2020.sde\LA_2020_12.VTDS_SHAPE,AWATER20,-1,-1;INTPTLAT20 "INTPTLAT20" true true false 11 Text 0 0 ,First,#,Database Connections\LA_2020_12_PLAN2020.sde\LA_2020_12.VTDS_SHAPE,INTPTLAT20,-1,-1;INTPTLON20 "INTPTLON20" true true false 12 Text 0 0 ,First,#,Database Connections\LA_2020_12_PLAN2020.sde\LA_2020_12.VTDS_SHAPE,INTPTLON20,-1,-1;UNITNUM "UNITNUM" true true false 8 Double 10 38 ,First,#,Database Connections\LA_2020_12_PLAN2020.sde\LA_2020_12.VTDS_SHAPE,UNITNUM,-1,-1;UNIT_CODE "UNIT_CODE" true true false 50 Text 0 0 ,First,#,Database Connections\LA_2020_12_PLAN2020.sde\LA_2020_12.VTDS_SHAPE,UNIT_CODE,-1,-1;GLEVEL "GLEVEL" true true false 1 Text 0 0 ,First,#,Database Connections\LA_2020_12_PLAN2020.sde\LA_2020_12.VTDS_SHAPE,GLEVEL,-1,-1;UNIT_NAME "UNIT_NAME" true true false 100 Text 0 0 ,First,#,Database Connections\LA_2020_12_PLAN2020.sde\LA_2020_12.VTDS_SHAPE,UNIT_NAME,-1,-1;COUNTY "COUNTY" true true false 3 Text 0 0 ,First,#,Database Connections\LA_2020_12_PLAN2020.sde\LA_2020_12.VTDS_SHAPE,COUNTY,-1,-1;MCD "MCD" true true false 5 Text 0 0 ,First,#,Database Connections\LA_2020_12_PLAN2020.sde\LA_2020_12.VTDS_SHAPE,MCD,-1,-1;PLACE "PLACE" true true false 5 Text 0 0 ,First,#,Database Connections\LA_2020_12_PLAN2020.sde\LA_2020_12.VTDS_SHAPE,PLACE,-1,-1;VTD "VTD" true true false 6 Text 0 0 ,First,#,Database Connections\LA_2020_12_PLAN2020.sde\LA_2020_12.VTDS_SHAPE,VTD,-1,-1;TRACT "TRACT" true true false 6 Text 0 0 ,First,#,Database Connections\LA_2020_12_PLAN2020.sde\LA_2020_12.VTDS_SHAPE,TRACT,-1,-1;BGROUP "BGROUP" true true false 1 Text 0 0 ,First,#,Database Connections\LA_2020_12_PLAN2020.sde\LA_2020_12.VTDS_SHAPE,BGROUP,-1,-1;BLOCK "BLOCK" true true false 4 Text 0 0 ,First,#,Database Connections\LA_2020_12_PLAN2020.sde\LA_2020_12.VTDS_SHAPE,BLOCK,-1,-1;TOT_POP "TOT_POP" true true false 4 Long 0 10 ,First,#,Database Connections\LA_2020_12_PLAN2020.sde\LA_2020_12.VTDS_SHAPE,TOT_POP,-1,-1;TOT_WHITE "TOT_WHITE" true true false 4 Long 0 10 ,First,#,Database Connections\LA_2020_12_PLAN2020.sde\LA_2020_12.VTDS_SHAPE,TOT_WHITE,-1,-1;TOT_BLACK "TOT_BLACK" true true false 4 Long 0 10 ,First,#,Database Connections\LA_2020_12_PLAN2020.sde\LA_2020_12.VTDS_SHAPE,TOT_BLACK,-1,-1;TOT_ASIAN "TOT_ASIAN" true true false 4 Long 0 10 ,First,#,Database Connections\LA_2020_12_PLAN2020.sde\LA_2020_12.VTDS_SHAPE,TOT_ASIAN,-1,-1;TOT_AMIND "TOT_AMIND" true true false 4 Long 0 10 ,First,#,Database Connections\LA_2020_12_PLAN2020.sde\LA_2020_12.VTDS_SHAPE,TOT_AMIND,-1,-1;TOT_OTHER "TOT_OTHER" true true false 4 Long 0 10 ,First,#,Database Connections\LA_2020_12_PLAN2020.sde\LA_2020_12.VTDS_SHAPE,TOT_OTHER,-1,-1;TOT_HISPAN "TOT_HISPAN" true true false 4 Long 0 10 ,First,#,Database Connections\LA_2020_12_PLAN2020.sde\LA_2020_12.VTDS_SHAPE,TOT_HISPANIC,-1,-1;VAP_TOTAL "VAP_TOTAL" true true false 4 Long 0 10 ,First,#,Database Connections\LA_2020_12_PLAN2020.sde\LA_2020_12.VTDS_SHAPE,VAP_TOTAL,-1,-1;VAP_WHITE "VAP_WHITE" true true false 4 Long 0 10 ,First,#,Database Connections\LA_2020_12_PLAN2020.sde\LA_2020_12.VTDS_SHAPE,VAP_WHITE,-1,-1;VAP_BLACK "VAP_BLACK" true true false 4 Long 0 10 ,First,#,Database Connections\LA_2020_12_PLAN2020.sde\LA_2020_12.VTDS_SHAPE,VAP_BLACK,-1,-1;VAP_ASIAN "VAP_ASIAN" true true false 4 Long 0 10 ,First,#,Database Connections\LA_2020_12_PLAN2020.sde\LA_2020_12.VTDS_SHAPE,VAP_ASIAN,-1,-1;VAP_AMIND "VAP_AMIND" true true false 4 Long 0 10 ,First,#,Database Connections\LA_2020_12_PLAN2020.sde\LA_2020_12.VTDS_SHAPE,VAP_AMIND,-1,-1;VAP_OTHER "VAP_OTHER" true true false 4 Long 0 10 ,First,#,Database Connections\LA_2020_12_PLAN2020.sde\LA_2020_12.VTDS_SHAPE,VAP_OTHER,-1,-1;VAP_HISPAN "VAP_HISPAN" true true false 4 Long 0 10 ,First,#,Database Connections\LA_2020_12_PLAN2020.sde\LA_2020_12.VTDS_SHAPE,VAP_HISPANIC,-1,-1;RVTOTAL "RVTOTAL" true true false 4 Long 0 10 ,First,#,Database Connections\LA_2020_12_PLAN2020.sde\LA_2020_12.VTDS_SHAPE,REG_TOTAL_21_07,-1,-1;RVWHITE "RVWHITE" true true false 4 Long 0 10 ,First,#,Database Connections\LA_2020_12_PLAN2020.sde\LA_2020_12.VTDS_SHAPE,REG_WHITE_21_07,-1,-1;RVBLACK "RVBLACK" true true false 4 Long 0 10 ,First,#,Database Connections\LA_2020_12_PLAN2020.sde\LA_2020_12.VTDS_SHAPE,REG_BLACK_21_07,-1,-1;RVOTHER "RVOTHER" true true false 4 Long 0 10 ,First,#,Database Connections\LA_2020_12_PLAN2020.sde\LA_2020_12.VTDS_SHAPE,REG_OTHER_21_07,-1,-1;RVDEMTOTAL "RVDEMTOTAL" true true false 4 Long 0 10 ,First,#,Database Connections\LA_2020_12_PLAN2020.sde\LA_2020_12.VTDS_SHAPE,REG_DEM_TOTAL_21_07,-1,-1;RVDEMWHITE "RVDEMWHITE" true true false 4 Long 0 10 ,First,#,Database Connections\LA_2020_12_PLAN2020.sde\LA_2020_12.VTDS_SHAPE,REG_DEM_WHITE_21_07,-1,-1;RVDEMBLACK "RVDEMBLACK" true true false 4 Long 0 10 ,First,#,Database Connections\LA_2020_12_PLAN2020.sde\LA_2020_12.VTDS_SHAPE,REG_DEM_BLACK_21_07,-1,-1;RVDEMOTHER "RVDEMOTHER" true true false 4 Long 0 10 ,First,#,Database Connections\LA_2020_12_PLAN2020.sde\LA_2020_12.VTDS_SHAPE,REG_DEM_OTHER_21_07,-1,-1;RVREPTOTAL "RVREPTOTAL" true true false 4 Long 0 10 ,First,#,Database Connections\LA_2020_12_PLAN2020.sde\LA_2020_12.VTDS_SHAPE,REG_REP_TOTAL_21_07,-1,-1;RVREPWHITE "RVREPWHITE" true true false 4 Long 0 10 ,First,#,Database Connections\LA_2020_12_PLAN2020.sde\LA_2020_12.VTDS_SHAPE,REG_REP_WHITE_21_07,-1,-1;RVREPBLACK "RVREPBLACK" true true false 4 Long 0 10 ,First,#,Database Connections\LA_2020_12_PLAN2020.sde\LA_2020_12.VTDS_SHAPE,REG_REP_BLACK_21_07,-1,-1;RVREPOTHER "RVREPOTHER" true true false 4 Long 0 10 ,First,#,Database Connections\LA_2020_12_PLAN2020.sde\LA_2020_12.VTDS_SHAPE,REG_REP_OTHER_21_07,-1,-1;RVOTHTOTAL "RVOTHTOTAL" true true false 4 Long 0 10 ,First,#,Database Connections\LA_2020_12_PLAN2020.sde\LA_2020_12.VTDS_SHAPE,REG_OTH_TOTAL_21_07,-1,-1;RVOTHWHITE "RVOTHWHITE" true true false 4 Long 0 10 ,First,#,Database Connections\LA_2020_12_PLAN2020.sde\LA_2020_12.VTDS_SHAPE,REG_OTH_WHITE_21_07,-1,-1;RVOTHBLACK "RVOTHBLACK" true true false 4 Long 0 10 ,First,#,Database Connections\LA_2020_12_PLAN2020.sde\LA_2020_12.VTDS_SHAPE,REG_OTH_BLACK_21_07,-1,-1;RVOTHOTHER "RVOTHOTHER" true true false 4 Long 0 10 ,First,#,Database Connections\LA_2020_12_PLAN2020.sde\LA_2020_12.VTDS_SHAPE,REG_OTH_OTHER_21_07,-1,-1;SHAPE_AREA "SHAPE_AREA" false false true 0 Double 0 0 ,First,#,Database Connections\LA_2020_12_PLAN2020.sde\LA_2020_12.VTDS_SHAPE,SHAPE.AREA,-1,-1;SHAPE_LEN "SHAPE_LEN" false false true 0 Double 0 0 ,First,#,Database Connections\LA_2020_12_PLAN2020.sde\LA_2020_12.VTDS_SHAPE,SHAPE.LEN,-1,-1" #</Process></lineage></DataProperties><SyncDate>20210820</SyncDate><SyncTime>02590300</SyncTime><ModDate>20210820</ModDate><ModTime>02590300</ModTime></Esri><dataIdInfo><envirDesc Sync="TRUE"> Version 6.2 (Build 9200) ; Esri ArcGIS 10.7.1.11595</envirDesc><dataLang><languageCode value="eng" Sync="TRUE"></languageCode><countryCode value="USA" Sync="TRUE"></countryCode></dataLang><idCitation><resTitle Sync="TRUE">RegVoter_210811</resTitle><presForm><PresFormCd value="005" Sync="TRUE"></PresFormCd></presForm></idCitation><spatRpType><SpatRepTypCd value="001" Sync="TRUE"></SpatRepTypCd></spatRpType><dataExt><geoEle><GeoBndBox esriExtentType="search"><exTypeCode Sync="TRUE">1</exTypeCode><westBL Sync="TRUE">-94.043352</westBL><eastBL Sync="TRUE">-88.758388</eastBL><northBL Sync="TRUE">33.019620</northBL><southBL Sync="TRUE">28.855127</southBL></GeoBndBox></geoEle></dataExt></dataIdInfo><mdLang><languageCode value="eng" Sync="TRUE"></languageCode><countryCode value="USA" Sync="TRUE"></countryCode></mdLang><distInfo><distFormat><formatName Sync="TRUE">Shapefile</formatName></distFormat><distTranOps><transSize Sync="TRUE">23.596</transSize></distTranOps></distInfo><mdHrLv><ScopeCd value="005" Sync="TRUE"></ScopeCd></mdHrLv><mdHrLvName Sync="TRUE">dataset</mdHrLvName><refSysInfo><RefSystem><refSysID><identCode code="4269" Sync="TRUE"></identCode><idCodeSpace Sync="TRUE">EPSG</idCodeSpace><idVersion Sync="TRUE">6.12(3.0.1)</idVersion></refSysID></RefSystem></refSysInfo><spatRepInfo><VectSpatRep><geometObjs Name="RegVoter_210811"><geoObjTyp><GeoObjTypCd value="002" Sync="TRUE"></GeoObjTypCd></geoObjTyp><geoObjCnt Sync="TRUE">3539</geoObjCnt></geometObjs><topLvl><TopoLevCd value="001" Sync="TRUE"></TopoLevCd></topLvl></VectSpatRep></spatRepInfo><spdoinfo><ptvctinf><esriterm Name="RegVoter_210811"><efeatyp Sync="TRUE">Simple</efeatyp><efeageom code="4" Sync="TRUE"></efeageom><esritopo Sync="TRUE">FALSE</esritopo><efeacnt Sync="TRUE">3539</efeacnt><spindex Sync="TRUE">TRUE</spindex><linrefer Sync="TRUE">FALSE</linrefer></esriterm></ptvctinf></spdoinfo><eainfo><detailed Name="RegVoter_210811"><enttyp><enttypl Sync="TRUE">RegVoter_210811</enttypl><enttypt Sync="TRUE">Feature Class</enttypt><enttypc Sync="TRUE">3539</enttypc></enttyp><attr><attrlabl Sync="TRUE">FID</attrlabl><attalias Sync="TRUE">FID</attalias><attrtype Sync="TRUE">OID</attrtype><attwidth Sync="TRUE">4</attwidth><atprecis Sync="TRUE">0</atprecis><attscale Sync="TRUE">0</attscale><attrdef Sync="TRUE">Internal feature number.</attrdef><attrdefs Sync="TRUE">Esri</attrdefs><attrdomv><udom Sync="TRUE">Sequential unique whole numbers that are automatically generated.</udom></attrdomv></attr><attr><attrlabl Sync="TRUE">STATEFP20</attrlabl><attalias Sync="TRUE">STATEFP20</attalias><attrtype Sync="TRUE">String</attrtype><attwidth Sync="TRUE">2</attwidth><atprecis Sync="TRUE">0</atprecis><attscale Sync="TRUE">0</attscale></attr><attr><attrlabl Sync="TRUE">COUNTYFP20</attrlabl><attalias Sync="TRUE">COUNTYFP20</attalias><attrtype Sync="TRUE">String</attrtype><attwidth Sync="TRUE">3</attwidth><atprecis Sync="TRUE">0</atprecis><attscale Sync="TRUE">0</attscale></attr><attr><attrlabl Sync="TRUE">VTDST20</attrlabl><attalias Sync="TRUE">VTDST20</attalias><attrtype Sync="TRUE">String</attrtype><attwidth Sync="TRUE">6</attwidth><atprecis Sync="TRUE">0</atprecis><attscale Sync="TRUE">0</attscale></attr><attr><attrlabl Sync="TRUE">GEOID20</attrlabl><attalias Sync="TRUE">GEOID20</attalias><attrtype Sync="TRUE">String</attrtype><attwidth Sync="TRUE">11</attwidth><atprecis Sync="TRUE">0</atprecis><attscale Sync="TRUE">0</attscale></attr><attr><attrlabl Sync="TRUE">VTDI20</attrlabl><attalias Sync="TRUE">VTDI20</attalias><attrtype Sync="TRUE">String</attrtype><attwidth Sync="TRUE">1</attwidth><atprecis Sync="TRUE">0</atprecis><attscale Sync="TRUE">0</attscale></attr><attr><attrlabl Sync="TRUE">NAME20</attrlabl><attalias Sync="TRUE">NAME20</attalias><attrtype Sync="TRUE">String</attrtype><attwidth Sync="TRUE">100</attwidth><atprecis Sync="TRUE">0</atprecis><attscale Sync="TRUE">0</attscale></attr><attr><attrlabl Sync="TRUE">NAMELSAD20</attrlabl><attalias Sync="TRUE">NAMELSAD20</attalias><attrtype Sync="TRUE">String</attrtype><attwidth Sync="TRUE">100</attwidth><atprecis Sync="TRUE">0</atprecis><attscale Sync="TRUE">0</attscale></attr><attr><attrlabl Sync="TRUE">LSAD20</attrlabl><attalias Sync="TRUE">LSAD20</attalias><attrtype Sync="TRUE">String</attrtype><attwidth Sync="TRUE">2</attwidth><atprecis Sync="TRUE">0</atprecis><attscale Sync="TRUE">0</attscale></attr><attr><attrlabl Sync="TRUE">MTFCC20</attrlabl><attalias Sync="TRUE">MTFCC20</attalias><attrtype Sync="TRUE">String</attrtype><attwidth Sync="TRUE">5</attwidth><atprecis Sync="TRUE">0</atprecis><attscale Sync="TRUE">0</attscale></attr><attr><attrlabl Sync="TRUE">FUNCSTAT20</attrlabl><attalias Sync="TRUE">FUNCSTAT20</attalias><attrtype Sync="TRUE">String</attrtype><attwidth Sync="TRUE">1</attwidth><atprecis Sync="TRUE">0</atprecis><attscale Sync="TRUE">0</attscale></attr><attr><attrlabl Sync="TRUE">ALAND20</attrlabl><attalias Sync="TRUE">ALAND20</attalias><attrtype Sync="TRUE">Double</attrtype><attwidth Sync="TRUE">14</attwidth><atprecis Sync="TRUE">14</atprecis><attscale Sync="TRUE">0</attscale></attr><attr><attrlabl Sync="TRUE">AWATER20</attrlabl><attalias Sync="TRUE">AWATER20</attalias><attrtype Sync="TRUE">Double</attrtype><attwidth Sync="TRUE">14</attwidth><atprecis Sync="TRUE">14</atprecis><attscale Sync="TRUE">0</attscale></attr><attr><attrlabl Sync="TRUE">INTPTLAT20</attrlabl><attalias Sync="TRUE">INTPTLAT20</attalias><attrtype Sync="TRUE">String</attrtype><attwidth Sync="TRUE">11</attwidth><atprecis Sync="TRUE">0</atprecis><attscale Sync="TRUE">0</attscale></attr><attr><attrlabl Sync="TRUE">INTPTLON20</attrlabl><attalias Sync="TRUE">INTPTLON20</attalias><attrtype Sync="TRUE">String</attrtype><attwidth Sync="TRUE">12</attwidth><atprecis Sync="TRUE">0</atprecis><attscale Sync="TRUE">0</attscale></attr><attr><attrlabl Sync="TRUE">SHAPE</attrlabl><attalias Sync="TRUE">Shape</attalias><attrtype Sync="TRUE">Geometry</attrtype><attwidth Sync="TRUE">0</attwidth><atprecis Sync="TRUE">0</atprecis><attscale Sync="TRUE">0</attscale><attrdef Sync="TRUE">Feature geometry.</attrdef><attrdefs Sync="TRUE">Esri</attrdefs><attrdomv><udom Sync="TRUE">Coordinates defining the features.</udom></attrdomv></attr><attr><attrlabl Sync="TRUE">UNITNUM</attrlabl><attalias Sync="TRUE">UNITNUM</attalias><attrtype Sync="TRUE">Double</attrtype><attwidth Sync="TRUE">19</attwidth><atprecis Sync="TRUE">18</atprecis><attscale Sync="TRUE">10</attscale></attr><attr><attrlabl Sync="TRUE">UNIT_CODE</attrlabl><attalias Sync="TRUE">UNIT_CODE</attalias><attrtype Sync="TRUE">String</attrtype><attwidth Sync="TRUE">50</attwidth><atprecis Sync="TRUE">0</atprecis><attscale Sync="TRUE">0</attscale></attr><attr><attrlabl Sync="TRUE">GLEVEL</attrlabl><attalias Sync="TRUE">GLEVEL</attalias><attrtype Sync="TRUE">String</attrtype><attwidth Sync="TRUE">1</attwidth><atprecis Sync="TRUE">0</atprecis><attscale Sync="TRUE">0</attscale></attr><attr><attrlabl Sync="TRUE">UNIT_NAME</attrlabl><attalias Sync="TRUE">UNIT_NAME</attalias><attrtype Sync="TRUE">String</attrtype><attwidth Sync="TRUE">100</attwidth><atprecis Sync="TRUE">0</atprecis><attscale Sync="TRUE">0</attscale></attr><attr><attrlabl Sync="TRUE">COUNTY</attrlabl><attalias Sync="TRUE">COUNTY</attalias><attrtype Sync="TRUE">String</attrtype><attwidth Sync="TRUE">3</attwidth><atprecis Sync="TRUE">0</atprecis><attscale Sync="TRUE">0</attscale></attr><attr><attrlabl Sync="TRUE">MCD</attrlabl><attalias Sync="TRUE">MCD</attalias><attrtype Sync="TRUE">String</attrtype><attwidth Sync="TRUE">5</attwidth><atprecis Sync="TRUE">0</atprecis><attscale Sync="TRUE">0</attscale></attr><attr><attrlabl Sync="TRUE">PLACE</attrlabl><attalias Sync="TRUE">PLACE</attalias><attrtype Sync="TRUE">String</attrtype><attwidth Sync="TRUE">5</attwidth><atprecis Sync="TRUE">0</atprecis><attscale Sync="TRUE">0</attscale></attr><attr><attrlabl Sync="TRUE">VTD</attrlabl><attalias Sync="TRUE">VTD</attalias><attrtype Sync="TRUE">String</attrtype><attwidth Sync="TRUE">6</attwidth><atprecis Sync="TRUE">0</atprecis><attscale Sync="TRUE">0</attscale></attr><attr><attrlabl Sync="TRUE">TRACT</attrlabl><attalias Sync="TRUE">TRACT</attalias><attrtype Sync="TRUE">String</attrtype><attwidth Sync="TRUE">6</attwidth><atprecis Sync="TRUE">0</atprecis><attscale Sync="TRUE">0</attscale></attr><attr><attrlabl Sync="TRUE">BGROUP</attrlabl><attalias Sync="TRUE">BGROUP</attalias><attrtype Sync="TRUE">String</attrtype><attwidth Sync="TRUE">1</attwidth><atprecis Sync="TRUE">0</atprecis><attscale Sync="TRUE">0</attscale></attr><attr><attrlabl Sync="TRUE">BLOCK</attrlabl><attalias Sync="TRUE">BLOCK</attalias><attrtype Sync="TRUE">String</attrtype><attwidth Sync="TRUE">4</attwidth><atprecis Sync="TRUE">0</atprecis><attscale Sync="TRUE">0</attscale></attr><attr><attrlabl Sync="TRUE">TOT_POP</attrlabl><attalias Sync="TRUE">TOT_POP</attalias><attrtype Sync="TRUE">Integer</attrtype><attwidth Sync="TRUE">10</attwidth><atprecis Sync="TRUE">10</atprecis><attscale Sync="TRUE">0</attscale></attr><attr><attrlabl Sync="TRUE">TOT_WHITE</attrlabl><attalias Sync="TRUE">TOT_WHITE</attalias><attrtype Sync="TRUE">Integer</attrtype><attwidth Sync="TRUE">10</attwidth><atprecis Sync="TRUE">10</atprecis><attscale Sync="TRUE">0</attscale></attr><attr><attrlabl Sync="TRUE">TOT_BLACK</attrlabl><attalias Sync="TRUE">TOT_BLACK</attalias><attrtype Sync="TRUE">Integer</attrtype><attwidth Sync="TRUE">10</attwidth><atprecis Sync="TRUE">10</atprecis><attscale Sync="TRUE">0</attscale></attr><attr><attrlabl Sync="TRUE">TOT_ASIAN</attrlabl><attalias Sync="TRUE">TOT_ASIAN</attalias><attrtype Sync="TRUE">Integer</attrtype><attwidth Sync="TRUE">10</attwidth><atprecis Sync="TRUE">10</atprecis><attscale Sync="TRUE">0</attscale></attr><attr><attrlabl Sync="TRUE">TOT_AMIND</attrlabl><attalias Sync="TRUE">TOT_AMIND</attalias><attrtype Sync="TRUE">Integer</attrtype><attwidth Sync="TRUE">10</attwidth><atprecis Sync="TRUE">10</atprecis><attscale Sync="TRUE">0</attscale></attr><attr><attrlabl Sync="TRUE">TOT_OTHER</attrlabl><attalias Sync="TRUE">TOT_OTHER</attalias><attrtype Sync="TRUE">Integer</attrtype><attwidth Sync="TRUE">10</attwidth><atprecis Sync="TRUE">10</atprecis><attscale Sync="TRUE">0</attscale></attr><attr><attrlabl Sync="TRUE">TOT_HISPAN</attrlabl><attalias Sync="TRUE">TOT_HISPAN</attalias><attrtype Sync="TRUE">Integer</attrtype><attwidth Sync="TRUE">10</attwidth><atprecis Sync="TRUE">10</atprecis><attscale Sync="TRUE">0</attscale></attr><attr><attrlabl Sync="TRUE">VAP_TOTAL</attrlabl><attalias Sync="TRUE">VAP_TOTAL</attalias><attrtype Sync="TRUE">Integer</attrtype><attwidth Sync="TRUE">10</attwidth><atprecis Sync="TRUE">10</atprecis><attscale Sync="TRUE">0</attscale></attr><attr><attrlabl Sync="TRUE">VAP_WHITE</attrlabl><attalias Sync="TRUE">VAP_WHITE</attalias><attrtype Sync="TRUE">Integer</attrtype><attwidth Sync="TRUE">10</attwidth><atprecis Sync="TRUE">10</atprecis><attscale Sync="TRUE">0</attscale></attr><attr><attrlabl Sync="TRUE">VAP_BLACK</attrlabl><attalias Sync="TRUE">VAP_BLACK</attalias><attrtype Sync="TRUE">Integer</attrtype><attwidth Sync="TRUE">10</attwidth><atprecis Sync="TRUE">10</atprecis><attscale Sync="TRUE">0</attscale></attr><attr><attrlabl Sync="TRUE">VAP_ASIAN</attrlabl><attalias Sync="TRUE">VAP_ASIAN</attalias><attrtype Sync="TRUE">Integer</attrtype><attwidth Sync="TRUE">10</attwidth><atprecis Sync="TRUE">10</atprecis><attscale Sync="TRUE">0</attscale></attr><attr><attrlabl Sync="TRUE">VAP_AMIND</attrlabl><attalias Sync="TRUE">VAP_AMIND</attalias><attrtype Sync="TRUE">Integer</attrtype><attwidth Sync="TRUE">10</attwidth><atprecis Sync="TRUE">10</atprecis><attscale Sync="TRUE">0</attscale></attr><attr><attrlabl Sync="TRUE">VAP_OTHER</attrlabl><attalias Sync="TRUE">VAP_OTHER</attalias><attrtype Sync="TRUE">Integer</attrtype><attwidth Sync="TRUE">10</attwidth><atprecis Sync="TRUE">10</atprecis><attscale Sync="TRUE">0</attscale></attr><attr><attrlabl Sync="TRUE">VAP_HISPAN</attrlabl><attalias Sync="TRUE">VAP_HISPAN</attalias><attrtype Sync="TRUE">Integer</attrtype><attwidth Sync="TRUE">10</attwidth><atprecis Sync="TRUE">10</atprecis><attscale Sync="TRUE">0</attscale></attr><attr><attrlabl Sync="TRUE">RVTOTAL</attrlabl><attalias Sync="TRUE">RVTOTAL</attalias><attrtype Sync="TRUE">Integer</attrtype><attwidth Sync="TRUE">10</attwidth><atprecis Sync="TRUE">10</atprecis><attscale Sync="TRUE">0</attscale></attr><attr><attrlabl Sync="TRUE">RVWHITE</attrlabl><attalias Sync="TRUE">RVWHITE</attalias><attrtype Sync="TRUE">Integer</attrtype><attwidth Sync="TRUE">10</attwidth><atprecis Sync="TRUE">10</atprecis><attscale Sync="TRUE">0</attscale></attr><attr><attrlabl Sync="TRUE">RVBLACK</attrlabl><attalias Sync="TRUE">RVBLACK</attalias><attrtype Sync="TRUE">Integer</attrtype><attwidth Sync="TRUE">10</attwidth><atprecis Sync="TRUE">10</atprecis><attscale Sync="TRUE">0</attscale></attr><attr><attrlabl Sync="TRUE">RVOTHER</attrlabl><attalias Sync="TRUE">RVOTHER</attalias><attrtype Sync="TRUE">Integer</attrtype><attwidth Sync="TRUE">10</attwidth><atprecis Sync="TRUE">10</atprecis><attscale Sync="TRUE">0</attscale></attr><attr><attrlabl Sync="TRUE">RVDEMTOTAL</attrlabl><attalias Sync="TRUE">RVDEMTOTAL</attalias><attrtype Sync="TRUE">Integer</attrtype><attwidth Sync="TRUE">10</attwidth><atprecis Sync="TRUE">10</atprecis><attscale Sync="TRUE">0</attscale></attr><attr><attrlabl Sync="TRUE">RVDEMWHITE</attrlabl><attalias Sync="TRUE">RVDEMWHITE</attalias><attrtype Sync="TRUE">Integer</attrtype><attwidth Sync="TRUE">10</attwidth><atprecis Sync="TRUE">10</atprecis><attscale Sync="TRUE">0</attscale></attr><attr><attrlabl Sync="TRUE">RVDEMBLACK</attrlabl><attalias Sync="TRUE">RVDEMBLACK</attalias><attrtype Sync="TRUE">Integer</attrtype><attwidth Sync="TRUE">10</attwidth><atprecis Sync="TRUE">10</atprecis><attscale Sync="TRUE">0</attscale></attr><attr><attrlabl Sync="TRUE">RVDEMOTHER</attrlabl><attalias Sync="TRUE">RVDEMOTHER</attalias><attrtype Sync="TRUE">Integer</attrtype><attwidth Sync="TRUE">10</attwidth><atprecis Sync="TRUE">10</atprecis><attscale Sync="TRUE">0</attscale></attr><attr><attrlabl Sync="TRUE">RVREPTOTAL</attrlabl><attalias Sync="TRUE">RVREPTOTAL</attalias><attrtype Sync="TRUE">Integer</attrtype><attwidth Sync="TRUE">10</attwidth><atprecis Sync="TRUE">10</atprecis><attscale Sync="TRUE">0</attscale></attr><attr><attrlabl Sync="TRUE">RVREPWHITE</attrlabl><attalias Sync="TRUE">RVREPWHITE</attalias><attrtype Sync="TRUE">Integer</attrtype><attwidth Sync="TRUE">10</attwidth><atprecis Sync="TRUE">10</atprecis><attscale Sync="TRUE">0</attscale></attr><attr><attrlabl Sync="TRUE">RVREPBLACK</attrlabl><attalias Sync="TRUE">RVREPBLACK</attalias><attrtype Sync="TRUE">Integer</attrtype><attwidth Sync="TRUE">10</attwidth><atprecis Sync="TRUE">10</atprecis><attscale Sync="TRUE">0</attscale></attr><attr><attrlabl Sync="TRUE">RVREPOTHER</attrlabl><attalias Sync="TRUE">RVREPOTHER</attalias><attrtype Sync="TRUE">Integer</attrtype><attwidth Sync="TRUE">10</attwidth><atprecis Sync="TRUE">10</atprecis><attscale Sync="TRUE">0</attscale></attr><attr><attrlabl Sync="TRUE">RVOTHTOTAL</attrlabl><attalias Sync="TRUE">RVOTHTOTAL</attalias><attrtype Sync="TRUE">Integer</attrtype><attwidth Sync="TRUE">10</attwidth><atprecis Sync="TRUE">10</atprecis><attscale Sync="TRUE">0</attscale></attr><attr><attrlabl Sync="TRUE">RVOTHWHITE</attrlabl><attalias Sync="TRUE">RVOTHWHITE</attalias><attrtype Sync="TRUE">Integer</attrtype><attwidth Sync="TRUE">10</attwidth><atprecis Sync="TRUE">10</atprecis><attscale Sync="TRUE">0</attscale></attr><attr><attrlabl Sync="TRUE">RVOTHBLACK</attrlabl><attalias Sync="TRUE">RVOTHBLACK</attalias><attrtype Sync="TRUE">Integer</attrtype><attwidth Sync="TRUE">10</attwidth><atprecis Sync="TRUE">10</atprecis><attscale Sync="TRUE">0</attscale></attr><attr><attrlabl Sync="TRUE">RVOTHOTHER</attrlabl><attalias Sync="TRUE">RVOTHOTHER</attalias><attrtype Sync="TRUE">Integer</attrtype><attwidth Sync="TRUE">10</attwidth><atprecis Sync="TRUE">10</atprecis><attscale Sync="TRUE">0</attscale></attr><attr><attrlabl Sync="TRUE">SHAPE_AREA</attrlabl><attalias Sync="TRUE">SHAPE_AREA</attalias><attrtype Sync="TRUE">Double</attrtype><attwidth Sync="TRUE">19</attwidth><atprecis Sync="TRUE">0</atprecis><attscale Sync="TRUE">0</attscale><attrdef Sync="TRUE">Area of feature in internal units squared.</attrdef><attrdefs Sync="TRUE">Esri</attrdefs><attrdomv><udom Sync="TRUE">Positive real numbers that are automatically generated.</udom></attrdomv></attr><attr><attrlabl Sync="TRUE">SHAPE_LEN</attrlabl><attalias Sync="TRUE">SHAPE_LEN</attalias><attrtype Sync="TRUE">Double</attrtype><attwidth Sync="TRUE">19</attwidth><atprecis Sync="TRUE">0</atprecis><attscale Sync="TRUE">0</attscale></attr></detailed></eainfo><mdDateSt Sync="TRUE">20210820</mdDateSt></metadata>
